{
 "Spacing": 0.09759111054052788,
 "BoundingBox": {
  "Lx": -5.685826376670364,
  "Ly": -4.874999999999999,
  "Lz": 2.565010587776584,
  "Ux": 4.575,
  "Uy": 9.584999999999999,
  "Uz": 10.724963794086474
 },
 "Hierarchy": [
  [
   "r",
   11631
  ],
  [
   "r1",
   1973
  ],
  [
   "r4",
   7826
  ],
  [
   "r0",
   8819
  ],
  [
   "r2",
   18518
  ],
  [
   "r7",
   12384
  ],
  [
   "r5",
   18428
  ],
  [
   "r6",
   14752
  ],
  [
   "r02",
   4445
  ],
  [
   "r07",
   6139
  ],
  [
   "r01",
   861
  ],
  [
   "r03",
   1186
  ],
  [
   "r00",
   17
  ],
  [
   "r04",
   521
  ],
  [
   "r05",
   5516
  ],
  [
   "r06",
   4447
  ]
 ]
}